{
  "coefs": {
    "air_temp": 0.7023915139022375,
    "process_temp": -0.852360512715214,
    "rot_speed": -0.5917677427266043,
    "torque": 0.11560577763226333,
    "tool_wear": 1.3118041730890924
  },
  "intercept": -0.9417463084667829,
  "scaling": {
    "air_temp": {
      "mean": 299.9760190704177,
      "std": 1.9804405668510339
    },
    "process_temp": {
      "mean": 309.97412295541045,
      "std": 2.212024952019511
    },
    "rot_speed": {
      "mean": 1500.5837374024882,
      "std": 151.00477452970054
    },
    "torque": {
      "mean": 40.109190449958106,
      "std": 5.808011128194269
    },
    "tool_wear": {
      "mean": 120.39349753347258,
      "std": 69.28490582047978
    }
  },
  "dataset_summary": {
    "total_records": 10000,
    "failure_rate": 0.0604,
    "failure_types": {
      "TWF": 346,
      "HDF": 174,
      "PWF": 10,
      "OSF": 103,
      "RNF": 11
    }
  }
}